<?xml version="1.0" encoding="UTF-8" standalone="yes"?>
<addon id="metadata.musicvideos.theaudiodb.com"
       name="TheAudioDb.com for Music Videos"
       version="1.2.3"
       provider-name="Team XBMC">
  <requires>
    <import addon="xbmc.metadata" version="2.1.0"/>
    <import addon="metadata.common.theaudiodb.com" version="1.6.0"/>
    <import addon="metadata.common.fanart.tv" version="2.1.2"/>
  </requires>
  <extension point="xbmc.metadata.scraper.musicvideos"
             language="en"
             library="tadb.xml"/>
  <extension point="xbmc.addon.metadata">
    <summary lang="af">theaudiodb.com Musiek Video Skraper</summary>
    <summary lang="be">theaudiodb.com Music Video Scraper</summary>
    <summary lang="bg">Сваля инф. за музикални клипове от theaudiodb.com</summary>
    <summary lang="cs">Zdroj dat o hudebních videích theaudiodb.com</summary>
    <summary lang="cy">Crafwr Fideo Cerddoriaeth theaudiodb.com</summary>
    <summary lang="da">theaudiodb.com Musikvideo-scraper</summary>
    <summary lang="de">theaudiodb.com Musikvideo-Scraper</summary>
    <summary lang="el">Scraper Μουσικών Βίντεο του theaudiodb.com</summary>
    <summary lang="en">theaudiodb.com Music Video Scraper</summary>
    <summary lang="es">Buscador de videoclips de theaudiodb.com</summary>
    <summary lang="es_AR">Scraper de Videos de Música de theaudiodb.com</summary>
    <summary lang="et">theaudiodb.com muusikavideo kraabits</summary>
    <summary lang="fi">theaudiodb.com musiikkivideotietojen lataaja</summary>
    <summary lang="fr">theaudiodb.com Scraper Clip Vidéo</summary>
    <summary lang="gl">Scraper de vídeo e música de theaudiodb.com</summary>
    <summary lang="he">theaudiodb.com סקרייפר וידאו קליפ</summary>
    <summary lang="hr">theaudiodb.com Muzika i Video strugač</summary>
    <summary lang="hu">theaudiodb.com videóklip leolvasó</summary>
    <summary lang="it">Lo scraper di video musicali theaudiodb.com</summary>
    <summary lang="ja">theaudiodb.com 音楽ビデオスクレーパー</summary>
    <summary lang="ko">theaudiodb.com 뮤직 비디오 자료수집기</summary>
    <summary lang="lt">theaudiodb.com vaizdo klipų Scraper</summary>
    <summary lang="mk">theaudiodb.com Music Video Scraper</summary>
    <summary lang="my">theaudiodb.com Music Video Scraper</summary>
    <summary lang="nl">theaudiodb.com Muziekvideo-scraper</summary>
    <summary lang="no">theaudiodb.com Skraper for musikkvideo</summary>
    <summary lang="pl">Scraper teledysków theaudiodb.com</summary>
    <summary lang="pt">Scraper de música theaudiodb.com</summary>
    <summary lang="pt_BR">Scraper de concertos theaudiodb.com</summary>
    <summary lang="ro">Informaţii videoclipuri de la theaudiodb.com </summary>
    <summary lang="ru">Скрапер музыки и видео theaudiodb.com</summary>
    <summary lang="se">Skrapa för theaudiodb.com musik</summary>
    <summary lang="sk">Zdroj získavania dát o hudobných videách zo stránky theaudiodb.com</summary>
    <summary lang="sl">Ponudnik informacij o videospotih theaudiodb.com</summary>
    <summary lang="sv">theaudiodb.com musikvideoskrapa</summary>
    <summary lang="ta_IN">theaudiodb.com இசை நிகழ்படம் சுரண்டி</summary>
    <summary lang="th">ตัวดึงข้อมูลวิดีโอเพลง theaudiodb.com</summary>
    <summary lang="uk">Здирач музичного відео з theaudiodb.com</summary>
    <summary lang="vi">Trình lấy dữ liệu Video nhạc từ theaudiodb.com</summary>
    <summary lang="zh">theaudiodb.com音乐电视刮削器</summary>
    <summary lang="zh_TW">theaudiodb.com音樂影片搜括器</summary>
    <description lang="af">Laai Musiek Video informasie af</description>
    <description lang="am">የሙዚቃ ቪዲዮ መረጃ ማውረጃ</description>
    <description lang="be">Download Music Video information</description>
    <description lang="bg">Сваля информация за музикални клипове</description>
    <description lang="ca">Baixa informació de videos musicals</description>
    <description lang="cs">Stáhnout informace o hudebním videu</description>
    <description lang="cy">Mae'r crafwr yn llwytho i lawr gwybodaeth am Gerddoriaeth Fideo o TheAudioDB.com. Oherwydd amryw o anawsterau chwilio mae'r crafwr yn disgwyl i'r ffolder/enw ffeil fod wedi ei fformatio fel 'artist - enw track' neu ni fydd yn dychwelyd canlyniadau.</description>
    <description lang="da">Hent Musikvideo-information</description>
    <description lang="de">Musik Video Information herunterladen</description>
    <description lang="el">Λήψη πληροφοριών Μουσικών Βίντεο</description>
    <description lang="en">This scraper is downloading Music Video information from TheAudioDB.com. Due to various search difficulties the scraper currently expects the folder/filename to be formatted as 'artist - trackname' otherwise it will not return results.</description>
    <description lang="es">Descarga información del videoclip</description>
    <description lang="es_AR">Descarga información del Video Clip</description>
    <description lang="es_MX">Descarga Información de Vídeos de Músca</description>
    <description lang="fi">Lataa musiikkivideoiden tiedot</description>
    <description lang="fr">Télécharger les informations des clips vidéos</description>
    <description lang="gl">Descargar a información do vídeo e música</description>
    <description lang="he">הורד מידע וידאו קליפ</description>
    <description lang="hu">Videóklip információk letöltése a theaudiodb.com webhelyről</description>
    <description lang="it">Scarica informazioni Video Musicale</description>
    <description lang="ja">音楽ビデオの情報をダウンロード</description>
    <description lang="ko">뮤직 비디오 정보 다운로드</description>
    <description lang="lt">Atsisiusti vaizdo klipų informaciją</description>
    <description lang="mk">Превземи информации за музичко видео</description>
    <description lang="nl">Muziek Video informatie downloaden</description>
    <description lang="no">Last ned musikkvideoinformasjon</description>
    <description lang="pl">Pobieraj informacje o teledyskach z theaudiodb.com</description>
    <description lang="pt">Descarregar informação de filmes de theaudiodb.com</description>
    <description lang="pt_BR">Download de informação de Concertos</description>
    <description lang="ro">Descarcă informaţii videoclipuri</description>
    <description lang="ru">Загружать сведения о видеоклипах</description>
    <description lang="se">Ladda ner musikvideoinformation från theaudiodb.com</description>
    <description lang="sk">Prevziať informácie o hudobnom videu</description>
    <description lang="sl">Prenesite informacije o videospotih</description>
    <description lang="sv">Ladda ner musikvideoinformation</description>
    <description lang="th">ดาวน์โหลดข้อมูลวิดีโอเพลง</description>
    <description lang="zh">从theaudiodb.com下载音乐电视资料</description>
    <website></website>
    <source></source>
    <email></email>
    <forum></forum>
    <license>GPL v2.0</license>
  </extension>
</addon>
